"Section","QueryId","SchemaName","TableName","ColumnName","OrdinalPosition","DataType","MaxLength","NumericPrecision","NumericScale","DateTimePrecision","Nullable","ObjectType","ApproxRowCount","ConstraintName","ConstraintType","KeyOrdinal","ReferencedSchema","ReferencedTable","ReferencedColumn","IndexName","IsUnique","IsPrimaryKey","Finding","Error"
"TaskStatusUsage","F01","","TaskStatus","StatusId","","A","","","","","","","0","","","","","","","","","","Id=10; Description=Active; Hardwired=True",""
"TaskStatusUsage","F01","","TaskStatus","StatusId","","W","","","","","","","0","","","","","","","","","","Id=20; Description=Waiting For; Hardwired=True",""
"TaskStatusUsage","F01","","TaskStatus","StatusId","","S","","","","","","","0","","","","","","","","","","Id=30; Description=Someday; Hardwired=True",""
"TaskStatusUsage","F01","","TaskStatus","StatusId","","C","","","","","","","0","","","","","","","","","","Id=40; Description=Completed; Hardwired=True",""
"TaskStatusUsage","F01","","TaskStatus","StatusId","","P","","","","","","","0","","","","","","","","","","Id=50; Description=Pending Acceptance; Hardwired=True",""
"TaskStatusUsage","F01","","TaskStatus","StatusId","","R","","","","","","","0","","","","","","","","","","Id=60; Description=ReDelegated; Hardwired=True",""
"TaskStatusUsage","F01","","TaskStatus","StatusId","","D","","","","","","","0","","","","","","","","","","Id=70; Description=Declined; Hardwired=True",""
"UnmappedTaskStatus","F02","","TaskNote","StatusId","","","","","","","","","8240","","","","","","","","","","Unmapped StatusId=1",""
"UnmappedTaskStatus","F02","","TaskNote","StatusId","","","","","","","","","334","","","","","","","","","","Unmapped StatusId=2",""
"UnmappedTaskStatus","F02","","TaskNote","StatusId","","","","","","","","","287","","","","","","","","","","Unmapped StatusId=3",""
"UnmappedTaskStatus","F02","","TaskNote","StatusId","","","","","","","","","78","","","","","","","","","","Unmapped StatusId=4",""
"UnmappedTaskStatus","F02","","TaskNote","StatusId","","","","","","","","","103938","","","","","","","","","","Unmapped StatusId=5",""
"TaskNoteBehavior","F03","","TaskNote","IsNote","","","","","","","","","8240","","","","","","","","","","IsNote=0; StatusId=1; StatusDescription=",""
"TaskNoteBehavior","F03","","TaskNote","IsNote","","","","","","","","","334","","","","","","","","","","IsNote=0; StatusId=2; StatusDescription=",""
"TaskNoteBehavior","F03","","TaskNote","IsNote","","","","","","","","","287","","","","","","","","","","IsNote=0; StatusId=3; StatusDescription=",""
"TaskNoteBehavior","F03","","TaskNote","IsNote","","","","","","","","","78","","","","","","","","","","IsNote=0; StatusId=4; StatusDescription=",""
"TaskNoteBehavior","F03","","TaskNote","IsNote","","","","","","","","","103938","","","","","","","","","","IsNote=1; StatusId=5; StatusDescription=",""
"OrganizationStatusUsage","F04","","OrganizationStatus","OrganizationStatusId","","A","","","","","","","821","","","","","","","","","","Id=30; Description=Active; Active=True",""
"OrganizationStatusUsage","F04","","OrganizationStatus","OrganizationStatusId","","I","","","","","","","2825","","","","","","","","","","Id=40; Description=Inactive; Active=False",""
"OrganizationTypeUsage","F05","","OrganizationType","OrganizationTypeId","","MA","","","","","","","24","","","","","","","","","","Id=106; Description=Mobile App; Attendance=True; ShowInMobile=True",""
"OrganizationTypeUsage","F05","","OrganizationType","OrganizationTypeId","","ASSIM","","","","","","","86","","","","","","","","","","Id=200; Description=Assimilation; Attendance=True; ShowInMobile=True",""
"OrganizationTypeUsage","F05","","OrganizationType","OrganizationTypeId","","BIBLESTUDY","","","","","","","1266","","","","","","","","","","Id=201; Description=Bible Study/Class; Attendance=True; ShowInMobile=True",""
"OrganizationTypeUsage","F05","","OrganizationType","OrganizationTypeId","","MISSIONS","","","","","","","353","","","","","","","","","","Id=202; Description=Community/Missions; Attendance=True; ShowInMobile=True",""
"OrganizationTypeUsage","F05","","OrganizationType","OrganizationTypeId","","EVENT","","","","","","","33","","","","","","","","","","Id=203; Description=Event; Attendance=True; ShowInMobile=True",""
"OrganizationTypeUsage","F05","","OrganizationType","OrganizationTypeId","","ADMIN","","","","","","","994","","","","","","","","","","Id=205; Description=Operations/Admin; Attendance=True; ShowInMobile=True",""
"OrganizationTypeUsage","F05","","OrganizationType","OrganizationTypeId","","GROUPS","","","","","","","303","","","","","","","","","","Id=206; Description=Small Groups; Attendance=True; ShowInMobile=True",""
"OrganizationTypeUsage","F05","","OrganizationType","OrganizationTypeId","","VOLUNTEER","","","","","","","476","","","","","","","","","","Id=207; Description=Volunteers; Attendance=True; ShowInMobile=True",""
"MemberTypeUsage","F06","","MemberType","MemberTypeId","","DR","","","","","","","41","","","","","","10","","","","Id=103; Description=Director; Pending=False; Inactive=False",""
"MemberTypeUsage","F06","","MemberType","MemberTypeId","","ED","","","","","","","2","","","","","","30","","","","Id=104; Description=Elder/Deacon Team; Pending=False; Inactive=False",""
"MemberTypeUsage","F06","","MemberType","MemberTypeId","","CH","","","","","","","0","","","","","","30","","","","Id=130; Description=Chairman; Pending=False; Inactive=False",""
"MemberTypeUsage","F06","","MemberType","MemberTypeId","","CC","","","","","","","33","","","","","","10","","","","Id=136; Description=Coach; Pending=False; Inactive=False",""
"MemberTypeUsage","F06","","MemberType","MemberTypeId","","L","","","","","","","1344","","","","","","10","","","","Id=140; Description=Leader; Pending=False; Inactive=False",""
"MemberTypeUsage","F06","","MemberType","MemberTypeId","","T","","","","","","","2","","","","","","10","","","","Id=160; Description=Teacher; Pending=False; Inactive=False",""
"MemberTypeUsage","F06","","MemberType","MemberTypeId","","AT","","","","","","","0","","","","","","10","","","","Id=161; Description=Assistant Teacher; Pending=False; Inactive=False",""
"MemberTypeUsage","F06","","MemberType","MemberTypeId","","SC","","","","","","","4","","","","","","10","","","","Id=162; Description=Secretary; Pending=False; Inactive=False",""
"MemberTypeUsage","F06","","MemberType","MemberTypeId","","IR","","","","","","","0","","","","","","10","","","","Id=170; Description=In Reach Leader; Pending=False; Inactive=False",""
"MemberTypeUsage","F06","","MemberType","MemberTypeId","","OR","","","","","","","0","","","","","","10","","","","Id=172; Description=Outreach Leader; Pending=False; Inactive=False",""
"MemberTypeUsage","F06","","MemberType","MemberTypeId","","M","","","","","","","80404","","","","","","30","","","","Id=220; Description=Member; Pending=False; Inactive=False",""
"MemberTypeUsage","F06","","MemberType","MemberTypeId","","IA","","","","","","","454","","","","","","40","","","","Id=230; Description=InActive; Pending=False; Inactive=True",""
"MemberTypeUsage","F06","","MemberType","MemberTypeId","","VM","","","","","","","0","","","","","","30","","","","Id=300; Description=Visiting Member; Pending=False; Inactive=False",""
"MemberTypeUsage","F06","","MemberType","MemberTypeId","","G","","","","","","","0","","","","","","60","","","","Id=310; Description=Guest; Pending=False; Inactive=False",""
"MemberTypeUsage","F06","","MemberType","MemberTypeId","","PR","","","","","","","108","","","","","","190","","","","Id=311; Description=Prospect; Pending=True; Inactive=False",""
"MemberTypeUsage","F06","","MemberType","MemberTypeId","","HB","","","","","","","0","","","","","","100","","","","Id=415; Description=Homebound; Pending=False; Inactive=False",""
"MemberTypeUsage","F06","","MemberType","MemberTypeId","","IM","","","","","","","0","","","","","","70","","","","Id=500; Description=In-Service Member; Pending=False; Inactive=False",""
"MemberTypeUsage","F06","","MemberType","MemberTypeId","","VI","","","","","","","0","","","","","","20","","","","Id=700; Description=VIP; Pending=False; Inactive=False",""
"MemberTypeUsage","F06","","MemberType","MemberTypeId","","VL","","","","","","","36","","","","","","20","","","","Id=710; Description=Volunteer; Pending=False; Inactive=False",""
"DivOrgFanout","F07","","DivOrg","DivId","","","","","","","","","61","","","","","","","","","","DivisionLinkCount=0",""
"DivOrgFanout","F07","","DivOrg","DivId","","","","","","","","","2918","","","","","","","","","","DivisionLinkCount=1",""
"DivOrgFanout","F07","","DivOrg","DivId","","","","","","","","","577","","","","","","","","","","DivisionLinkCount=2",""
"DivOrgFanout","F07","","DivOrg","DivId","","","","","","","","","87","","","","","","","","","","DivisionLinkCount=3",""
"DivOrgFanout","F07","","DivOrg","DivId","","","","","","","","","3","","","","","","","","","","DivisionLinkCount=4",""
"OrgScheduleDayUsage","F08","","OrgSchedule","SchedDay","","","","","","","","","255","","","","","","","","","","SchedDay=0; OrganizationCount=229; EarliestSchedTime=1/20/2012 9:30:00 AM; LatestSchedTime=8/11/2026 1:00:00 PM",""
"OrgScheduleDayUsage","F08","","OrgSchedule","SchedDay","","","","","","","","","16","","","","","","","","","","SchedDay=1; OrganizationCount=16; EarliestSchedTime=12/6/2023 6:00:00 PM; LatestSchedTime=7/21/2026 8:30:00 AM",""
"OrgScheduleDayUsage","F08","","OrgSchedule","SchedDay","","","","","","","","","33","","","","","","","","","","SchedDay=2; OrganizationCount=33; EarliestSchedTime=10/24/2023 7:00:00 PM; LatestSchedTime=7/21/2026 12:30:00 PM",""
"OrgScheduleDayUsage","F08","","OrgSchedule","SchedDay","","","","","","","","","54","","","","","","","","","","SchedDay=3; OrganizationCount=54; EarliestSchedTime=8/25/2021 12:00:00 PM; LatestSchedTime=7/21/2026 8:30:00 AM",""
"OrgScheduleDayUsage","F08","","OrgSchedule","SchedDay","","","","","","","","","35","","","","","","","","","","SchedDay=4; OrganizationCount=35; EarliestSchedTime=12/14/2023 6:30:00 PM; LatestSchedTime=8/11/2026 7:00:00 AM",""
"OrgScheduleDayUsage","F08","","OrgSchedule","SchedDay","","","","","","","","","7","","","","","","","","","","SchedDay=5; OrganizationCount=7; EarliestSchedTime=6/12/2024 6:00:00 AM; LatestSchedTime=7/21/2026 8:30:00 AM",""
"OrgScheduleDayUsage","F08","","OrgSchedule","SchedDay","","","","","","","","","25","","","","","","","","","","SchedDay=6; OrganizationCount=24; EarliestSchedTime=11/1/2023 5:30:00 PM; LatestSchedTime=6/29/2026 9:00:00 AM",""
"OrgScheduleDayUsage","F08","","OrgSchedule","SchedDay","","","","","","","","","6","","","","","","","","","","SchedDay=10; OrganizationCount=6; EarliestSchedTime=5/27/2024 3:45:00 PM; LatestSchedTime=5/14/2025 4:45:00 PM",""
"MeetingColumnPopulation","F09","","Meetings","visitor aggregate columns","","","","","","","","","78126","","","","","","","","","","NumPresent=78126; NumVstMembers=78126; NumRepeatVst=78126; NumNewVisit=78126; Earliest=3/12/2013 5:30:00 PM; Latest=8/11/2027 12:00:00 PM",""
"TaskNoteKeyProfile","F10","","TaskNote","TaskNoteId","","","","","","","","","112877","","","","","","","","","","NonNullCount=112877; DistinctCount=112877; Minimum=2; Maximum=115599",""