Recommendation,Category,OrganizationId,OrganizationName,Campus,OrganizationType,ProgramDivisionLinks,ScheduleLinks,LatestSundayMeetingDate,LatestSundayMeetingPresent,ReportedOnLatestSunday,Reason
INCLUDE,Children,1876,CM: CC 10:45 AM 18-24 Months,RockPointe Church - Central,Bible Study/Class,Division 19=CM Preschool / Program 1111=Children's Ministry (CM); Division 81=RP CC Children / Program 1137=Reporting (RP) CC Children ONLY Sun AM,Day 0 at 10:45:00,2026-08-09 10:45,1,No,Official Sunday AM reporting hierarchy
INCLUDE,Children,1865,CM: CC 10:45 AM 1st Grade,RockPointe Church - Central,Bible Study/Class,Division 15=CM Elementary / Program 1111=Children's Ministry (CM); Division 81=RP CC Children / Program 1137=Reporting (RP) CC Children ONLY Sun AM,Day 0 at 10:45:00,2026-08-16 10:45,9,Yes,Official Sunday AM reporting hierarchy
INCLUDE,Children,1878,CM: CC 10:45 AM 2 Years,RockPointe Church - Central,Bible Study/Class,Division 19=CM Preschool / Program 1111=Children's Ministry (CM); Division 81=RP CC Children / Program 1137=Reporting (RP) CC Children ONLY Sun AM,Day 0 at 10:45:00,2026-08-16 10:45,4,Yes,Official Sunday AM reporting hierarchy
INCLUDE,Children,1871,CM: CC 10:45 AM 2nd Grade,RockPointe Church - Central,Bible Study/Class,Division 15=CM Elementary / Program 1111=Children's Ministry (CM); Division 81=RP CC Children / Program 1137=Reporting (RP) CC Children ONLY Sun AM,Day 0 at 10:45:00,2026-08-16 10:45,10,Yes,Official Sunday AM reporting hierarchy
INCLUDE,Children,1879,CM: CC 10:45 AM 3 Years,RockPointe Church - Central,Bible Study/Class,Division 19=CM Preschool / Program 1111=Children's Ministry (CM); Division 81=RP CC Children / Program 1137=Reporting (RP) CC Children ONLY Sun AM,Day 0 at 10:45:00,2026-08-16 10:45,8,Yes,Official Sunday AM reporting hierarchy
INCLUDE,Children,820,CM: CC 10:45 AM 3rd Grade Boys,RockPointe Church - Central,Bible Study/Class,Division 15=CM Elementary / Program 1111=Children's Ministry (CM); Division 81=RP CC Children / Program 1137=Reporting (RP) CC Children ONLY Sun AM,Day 0 at 10:45:00,2026-08-16 10:45,6,Yes,Official Sunday AM reporting hierarchy
INCLUDE,Children,98,CM: CC 10:45 AM 3rd Grade Girls,RockPointe Church - Central,Bible Study/Class,Division 15=CM Elementary / Program 1111=Children's Ministry (CM); Division 81=RP CC Children / Program 1137=Reporting (RP) CC Children ONLY Sun AM,Day 0 at 10:45:00,2026-08-16 10:45,5,Yes,Official Sunday AM reporting hierarchy
INCLUDE,Children,1866,CM: CC 10:45 AM 4th Grade Boys,RockPointe Church - Central,Bible Study/Class,Division 15=CM Elementary / Program 1111=Children's Ministry (CM); Division 81=RP CC Children / Program 1137=Reporting (RP) CC Children ONLY Sun AM,Day 0 at 10:45:00,2026-08-16 10:45,7,Yes,Official Sunday AM reporting hierarchy
INCLUDE,Children,1872,CM: CC 10:45 AM 4th Grade Girls,RockPointe Church - Central,Bible Study/Class,Division 15=CM Elementary / Program 1111=Children's Ministry (CM); Division 81=RP CC Children / Program 1137=Reporting (RP) CC Children ONLY Sun AM,Day 0 at 10:45:00,2026-08-16 10:45,14,Yes,Official Sunday AM reporting hierarchy
INCLUDE,Children,1854,CM: CC 10:45 AM 5th Grade Boys,RockPointe Church - Central,Bible Study/Class,Division 15=CM Elementary / Program 1111=Children's Ministry (CM); Division 81=RP CC Children / Program 1137=Reporting (RP) CC Children ONLY Sun AM,Day 0 at 10:45:00,2026-08-16 10:45,8,Yes,Official Sunday AM reporting hierarchy
INCLUDE,Children,1859,CM: CC 10:45 AM 5th Grade Girls,RockPointe Church - Central,Bible Study/Class,Division 15=CM Elementary / Program 1111=Children's Ministry (CM); Division 81=RP CC Children / Program 1137=Reporting (RP) CC Children ONLY Sun AM,Day 0 at 10:45:00,2026-08-16 10:45,9,Yes,Official Sunday AM reporting hierarchy
INCLUDE,Children,819,CM: CC 10:45 AM Crawlers,RockPointe Church - Central,Bible Study/Class,Division 19=CM Preschool / Program 1111=Children's Ministry (CM); Division 81=RP CC Children / Program 1137=Reporting (RP) CC Children ONLY Sun AM,Day 0 at 10:45:00,2026-08-16 10:45,3,Yes,Official Sunday AM reporting hierarchy
INCLUDE,Children,1858,CM: CC 10:45 AM Infants,RockPointe Church - Central,Bible Study/Class,Division 19=CM Preschool / Program 1111=Children's Ministry (CM); Division 81=RP CC Children / Program 1137=Reporting (RP) CC Children ONLY Sun AM,Day 0 at 10:45:00,2026-08-16 10:45,4,Yes,Official Sunday AM reporting hierarchy
INCLUDE,Children,1857,CM: CC 10:45 AM Kindergarten,RockPointe Church - Central,Bible Study/Class,Division 15=CM Elementary / Program 1111=Children's Ministry (CM); Division 81=RP CC Children / Program 1137=Reporting (RP) CC Children ONLY Sun AM,Day 0 at 10:45:00,2026-08-16 10:45,20,Yes,Official Sunday AM reporting hierarchy
INCLUDE,Children,822,CM: CC 10:45 AM PreK (4-5 Years),RockPointe Church - Central,Bible Study/Class,Division 19=CM Preschool / Program 1111=Children's Ministry (CM); Division 81=RP CC Children / Program 1137=Reporting (RP) CC Children ONLY Sun AM,Day 0 at 10:45:00,2026-08-16 10:45,5,Yes,Official Sunday AM reporting hierarchy
INCLUDE,Children,2428,CM: CC 10:45 AM Special Needs Kids,RockPointe Church - Central,Bible Study/Class,Division 14=CM Special Needs / Program 1111=Children's Ministry (CM); Division 81=RP CC Children / Program 1137=Reporting (RP) CC Children ONLY Sun AM,Day 0 at 10:45:00; Day 6 at 17:00:00,2026-08-16 10:45,9,Yes,Official Sunday AM reporting hierarchy
INCLUDE,Children,1850,CM: CC 10:45 AM Walking-18 Months,RockPointe Church - Central,Bible Study/Class,Division 19=CM Preschool / Program 1111=Children's Ministry (CM); Division 81=RP CC Children / Program 1137=Reporting (RP) CC Children ONLY Sun AM,Day 0 at 10:45:00,2026-08-16 10:45,2,Yes,Official Sunday AM reporting hierarchy
INCLUDE,Children,1875,CM: CC 9:00a 18-24 Months,RockPointe Church - Central,Bible Study/Class,Division 19=CM Preschool / Program 1111=Children's Ministry (CM); Division 81=RP CC Children / Program 1137=Reporting (RP) CC Children ONLY Sun AM,Day 0 at 09:00:00,2026-08-16 09:00,2,Yes,Official Sunday AM reporting hierarchy
INCLUDE,Children,1861,CM: CC 9:00a 1st Grade,RockPointe Church - Central,Bible Study/Class,Division 15=CM Elementary / Program 1111=Children's Ministry (CM); Division 81=RP CC Children / Program 1137=Reporting (RP) CC Children ONLY Sun AM,Day 0 at 09:00:00,2026-08-16 09:00,29,Yes,Official Sunday AM reporting hierarchy
INCLUDE,Children,1877,CM: CC 9:00a 2 Years,RockPointe Church - Central,Bible Study/Class,Division 19=CM Preschool / Program 1111=Children's Ministry (CM); Division 81=RP CC Children / Program 1137=Reporting (RP) CC Children ONLY Sun AM,Day 0 at 09:00:00,2026-08-16 09:00,18,Yes,Official Sunday AM reporting hierarchy
INCLUDE,Children,1868,CM: CC 9:00a 2nd Grade,RockPointe Church - Central,Bible Study/Class,Division 15=CM Elementary / Program 1111=Children's Ministry (CM); Division 81=RP CC Children / Program 1137=Reporting (RP) CC Children ONLY Sun AM,Day 0 at 09:00:00,2026-08-16 09:00,30,Yes,Official Sunday AM reporting hierarchy
INCLUDE,Children,1880,CM: CC 9:00a 3 Years,RockPointe Church - Central,Bible Study/Class,Division 19=CM Preschool / Program 1111=Children's Ministry (CM); Division 81=RP CC Children / Program 1137=Reporting (RP) CC Children ONLY Sun AM,Day 0 at 09:00:00,2026-08-16 09:00,25,Yes,Official Sunday AM reporting hierarchy
INCLUDE,Children,821,CM: CC 9:00a 3rd Grade Boys,RockPointe Church - Central,Bible Study/Class,Division 15=CM Elementary / Program 1111=Children's Ministry (CM); Division 81=RP CC Children / Program 1137=Reporting (RP) CC Children ONLY Sun AM,Day 0 at 09:00:00,2026-08-16 09:00,12,Yes,Official Sunday AM reporting hierarchy
INCLUDE,Children,199,CM: CC 9:00a 3rd Grade Girls,RockPointe Church - Central,Bible Study/Class,Division 15=CM Elementary / Program 1111=Children's Ministry (CM); Division 81=RP CC Children / Program 1137=Reporting (RP) CC Children ONLY Sun AM,Day 0 at 09:00:00,2026-08-16 09:00,17,Yes,Official Sunday AM reporting hierarchy
INCLUDE,Children,1869,CM: CC 9:00a 4th Grade Boys,RockPointe Church - Central,Bible Study/Class,Division 15=CM Elementary / Program 1111=Children's Ministry (CM); Division 81=RP CC Children / Program 1137=Reporting (RP) CC Children ONLY Sun AM,Day 0 at 09:00:00,2026-08-16 09:00,18,Yes,Official Sunday AM reporting hierarchy
INCLUDE,Children,1873,CM: CC 9:00a 4th Grade Girls,RockPointe Church - Central,Bible Study/Class,Division 15=CM Elementary / Program 1111=Children's Ministry (CM); Division 81=RP CC Children / Program 1137=Reporting (RP) CC Children ONLY Sun AM,Day 0 at 09:00:00,2026-08-16 09:00,19,Yes,Official Sunday AM reporting hierarchy
INCLUDE,Children,1849,CM: CC 9:00a 5th Grade Boys,RockPointe Church - Central,Bible Study/Class,Division 15=CM Elementary / Program 1111=Children's Ministry (CM); Division 81=RP CC Children / Program 1137=Reporting (RP) CC Children ONLY Sun AM,Day 0 at 09:00:00,2026-08-16 09:00,14,Yes,Official Sunday AM reporting hierarchy
INCLUDE,Children,1862,CM: CC 9:00a 5th Grade Girls,RockPointe Church - Central,Bible Study/Class,Division 15=CM Elementary / Program 1111=Children's Ministry (CM); Division 81=RP CC Children / Program 1137=Reporting (RP) CC Children ONLY Sun AM,Day 0 at 09:00:00,2026-08-16 09:00,16,Yes,Official Sunday AM reporting hierarchy
INCLUDE,Children,358,CM: CC 9:00a Crawlers,RockPointe Church - Central,Bible Study/Class,Division 19=CM Preschool / Program 1111=Children's Ministry (CM); Division 81=RP CC Children / Program 1137=Reporting (RP) CC Children ONLY Sun AM,Day 0 at 09:00:00,2026-08-16 09:00,5,Yes,Official Sunday AM reporting hierarchy
INCLUDE,Children,1855,CM: CC 9:00a Infants,RockPointe Church - Central,Bible Study/Class,Division 19=CM Preschool / Program 1111=Children's Ministry (CM); Division 81=RP CC Children / Program 1137=Reporting (RP) CC Children ONLY Sun AM,Day 0 at 09:00:00,2026-08-16 09:00,2,Yes,Official Sunday AM reporting hierarchy
INCLUDE,Children,1852,CM: CC 9:00a Kindergarten,RockPointe Church - Central,Bible Study/Class,Division 15=CM Elementary / Program 1111=Children's Ministry (CM); Division 81=RP CC Children / Program 1137=Reporting (RP) CC Children ONLY Sun AM,Day 0 at 09:00:00,2026-08-16 09:00,54,Yes,Official Sunday AM reporting hierarchy
INCLUDE,Children,823,CM: CC 9:00a PreK (4-5 Years),RockPointe Church - Central,Bible Study/Class,Division 19=CM Preschool / Program 1111=Children's Ministry (CM); Division 81=RP CC Children / Program 1137=Reporting (RP) CC Children ONLY Sun AM,Day 0 at 09:00:00,2026-08-16 09:00,11,Yes,Official Sunday AM reporting hierarchy
INCLUDE,Children,86,CM: CC 9:00a Special Needs Kids,RockPointe Church - Central,Bible Study/Class,Division 14=CM Special Needs / Program 1111=Children's Ministry (CM); Division 81=RP CC Children / Program 1137=Reporting (RP) CC Children ONLY Sun AM,Day 0 at 09:00:00,2026-08-16 09:00,14,Yes,Official Sunday AM reporting hierarchy
INCLUDE,Children,1863,CM: CC 9:00a Walking-18 Months,RockPointe Church - Central,Bible Study/Class,Division 19=CM Preschool / Program 1111=Children's Ministry (CM); Division 81=RP CC Children / Program 1137=Reporting (RP) CC Children ONLY Sun AM,Day 0 at 09:00:00,2026-08-16 09:00,7,Yes,Official Sunday AM reporting hierarchy
INCLUDE,Children,1597,CM: PS 11:15 1st Grade,RockPointe Church - Parker Square,Bible Study/Class,Division 15=CM Elementary / Program 1111=Children's Ministry (CM); Division 82=RP PS Children / Program 1138=Reporting (RP) PS Children ONLY Sun AM,Day 0 at 11:15:00,2026-08-16 11:15,5,Yes,Official Sunday AM reporting hierarchy
INCLUDE,Children,1582,CM: PS 11:15 2 Years,RockPointe Church - Parker Square,Bible Study/Class,Division 19=CM Preschool / Program 1111=Children's Ministry (CM); Division 82=RP PS Children / Program 1138=Reporting (RP) PS Children ONLY Sun AM,Day 0 at 11:15:00,2026-08-16 11:15,2,Yes,Official Sunday AM reporting hierarchy
INCLUDE,Children,1599,CM: PS 11:15 2nd Grade,RockPointe Church - Parker Square,Bible Study/Class,Division 15=CM Elementary / Program 1111=Children's Ministry (CM); Division 82=RP PS Children / Program 1138=Reporting (RP) PS Children ONLY Sun AM,Day 0 at 11:15:00,2026-08-16 11:15,7,Yes,Official Sunday AM reporting hierarchy
INCLUDE,Children,1583,CM: PS 11:15 3 Years,RockPointe Church - Parker Square,Bible Study/Class,Division 19=CM Preschool / Program 1111=Children's Ministry (CM); Division 82=RP PS Children / Program 1138=Reporting (RP) PS Children ONLY Sun AM,Day 0 at 11:15:00,2026-08-16 11:15,4,Yes,Official Sunday AM reporting hierarchy
INCLUDE,Children,1805,CM: PS 11:15 3rd Grade Boys,RockPointe Church - Parker Square,Bible Study/Class,Division 15=CM Elementary / Program 1111=Children's Ministry (CM); Division 82=RP PS Children / Program 1138=Reporting (RP) PS Children ONLY Sun AM,Day 0 at 11:15:00,2026-08-16 11:15,5,Yes,Official Sunday AM reporting hierarchy
INCLUDE,Children,1806,CM: PS 11:15 3rd Grade Girls,RockPointe Church - Parker Square,Bible Study/Class,Division 15=CM Elementary / Program 1111=Children's Ministry (CM); Division 82=RP PS Children / Program 1138=Reporting (RP) PS Children ONLY Sun AM,Day 0 at 11:15:00,2026-08-16 11:15,3,Yes,Official Sunday AM reporting hierarchy
INCLUDE,Children,1603,CM: PS 11:15 4th Grade Boys,RockPointe Church - Parker Square,Bible Study/Class,Division 15=CM Elementary / Program 1111=Children's Ministry (CM); Division 82=RP PS Children / Program 1138=Reporting (RP) PS Children ONLY Sun AM,Day 0 at 11:15:00,2026-08-16 11:15,3,Yes,Official Sunday AM reporting hierarchy
INCLUDE,Children,1605,CM: PS 11:15 4th Grade Girls,RockPointe Church - Parker Square,Bible Study/Class,Division 15=CM Elementary / Program 1111=Children's Ministry (CM); Division 82=RP PS Children / Program 1138=Reporting (RP) PS Children ONLY Sun AM,Day 0 at 11:15:00,2026-08-16 11:15,5,Yes,Official Sunday AM reporting hierarchy
INCLUDE,Children,1607,CM: PS 11:15 5th Grade Boys,RockPointe Church - Parker Square,Bible Study/Class,Division 15=CM Elementary / Program 1111=Children's Ministry (CM); Division 82=RP PS Children / Program 1138=Reporting (RP) PS Children ONLY Sun AM,Day 0 at 11:15:00,2026-08-16 11:15,5,Yes,Official Sunday AM reporting hierarchy
INCLUDE,Children,1608,CM: PS 11:15 5th Grade Girls,RockPointe Church - Parker Square,Bible Study/Class,Division 15=CM Elementary / Program 1111=Children's Ministry (CM); Division 82=RP PS Children / Program 1138=Reporting (RP) PS Children ONLY Sun AM,Day 0 at 11:15:00,2026-08-16 11:15,4,Yes,Official Sunday AM reporting hierarchy
INCLUDE,Children,1580,CM: PS 11:15 Infants (Birth-Crawling),RockPointe Church - Parker Square,Bible Study/Class,Division 19=CM Preschool / Program 1111=Children's Ministry (CM); Division 82=RP PS Children / Program 1138=Reporting (RP) PS Children ONLY Sun AM,Day 0 at 11:15:00,2026-08-16 11:15,2,Yes,Official Sunday AM reporting hierarchy
INCLUDE,Children,1595,CM: PS 11:15 Kindergarten,RockPointe Church - Parker Square,Bible Study/Class,Division 15=CM Elementary / Program 1111=Children's Ministry (CM); Division 82=RP PS Children / Program 1138=Reporting (RP) PS Children ONLY Sun AM,Day 0 at 11:15:00,2026-08-16 11:15,10,Yes,Official Sunday AM reporting hierarchy
INCLUDE,Children,1584,CM: PS 11:15 PreK,RockPointe Church - Parker Square,Bible Study/Class,Division 19=CM Preschool / Program 1111=Children's Ministry (CM); Division 82=RP PS Children / Program 1138=Reporting (RP) PS Children ONLY Sun AM,Day 0 at 11:15:00,2026-08-16 11:15,1,Yes,Official Sunday AM reporting hierarchy
INCLUDE,Children,1591,CM: PS 11:15 Special Needs Kids,RockPointe Church - Parker Square,Bible Study/Class,Division 14=CM Special Needs / Program 1111=Children's Ministry (CM); Division 82=RP PS Children / Program 1138=Reporting (RP) PS Children ONLY Sun AM,Day 0 at 11:15:00,2026-08-16 11:15,13,Yes,Official Sunday AM reporting hierarchy
INCLUDE,Children,1581,CM: PS 11:15 Toddlers (Walking-24 mo),RockPointe Church - Parker Square,Bible Study/Class,Division 19=CM Preschool / Program 1111=Children's Ministry (CM); Division 82=RP PS Children / Program 1138=Reporting (RP) PS Children ONLY Sun AM,Day 0 at 11:15:00,2026-08-02 11:15,1,No,Official Sunday AM reporting hierarchy
INCLUDE,Children,4105,CM: PS 8:30 1st Grade,RockPointe Church - Parker Square,Bible Study/Class,Division 15=CM Elementary / Program 1111=Children's Ministry (CM); Division 82=RP PS Children / Program 1138=Reporting (RP) PS Children ONLY Sun AM,Day 0 at 08:30:00,2026-08-16 08:30,1,Yes,Official Sunday AM reporting hierarchy
INCLUDE,Children,3503,CM: PS 8:30 2 Years,RockPointe Church - Parker Square,Bible Study/Class,Division 19=CM Preschool / Program 1111=Children's Ministry (CM); Division 82=RP PS Children / Program 1138=Reporting (RP) PS Children ONLY Sun AM,Day 0 at 08:30:00,2026-08-16 08:30,1,Yes,Official Sunday AM reporting hierarchy
INCLUDE,Children,4106,CM: PS 8:30 2nd Grade,RockPointe Church - Parker Square,Bible Study/Class,Division 15=CM Elementary / Program 1111=Children's Ministry (CM); Division 82=RP PS Children / Program 1138=Reporting (RP) PS Children ONLY Sun AM,Day 0 at 08:30:00,,,No,Official Sunday AM reporting hierarchy
INCLUDE,Children,3504,CM: PS 8:30 3 Years,RockPointe Church - Parker Square,Bible Study/Class,Division 19=CM Preschool / Program 1111=Children's Ministry (CM); Division 82=RP PS Children / Program 1138=Reporting (RP) PS Children ONLY Sun AM,Day 0 at 08:30:00,2026-08-16 08:30,4,Yes,Official Sunday AM reporting hierarchy
INCLUDE,Children,4107,CM: PS 8:30 3rd Grade Boys,RockPointe Church - Parker Square,Bible Study/Class,Division 15=CM Elementary / Program 1111=Children's Ministry (CM); Division 82=RP PS Children / Program 1138=Reporting (RP) PS Children ONLY Sun AM,Day 0 at 08:30:00,,,No,Official Sunday AM reporting hierarchy
INCLUDE,Children,4108,CM: PS 8:30 3rd Grade Girls,RockPointe Church - Parker Square,Bible Study/Class,Division 15=CM Elementary / Program 1111=Children's Ministry (CM); Division 82=RP PS Children / Program 1138=Reporting (RP) PS Children ONLY Sun AM,Day 0 at 08:30:00,,,No,Official Sunday AM reporting hierarchy
INCLUDE,Children,4109,CM: PS 8:30 4th Grade Boys,RockPointe Church - Parker Square,Bible Study/Class,Division 15=CM Elementary / Program 1111=Children's Ministry (CM); Division 82=RP PS Children / Program 1138=Reporting (RP) PS Children ONLY Sun AM,Day 0 at 08:30:00,,,No,Official Sunday AM reporting hierarchy
INCLUDE,Children,4110,CM: PS 8:30 4th Grade Girls,RockPointe Church - Parker Square,Bible Study/Class,Division 15=CM Elementary / Program 1111=Children's Ministry (CM); Division 82=RP PS Children / Program 1138=Reporting (RP) PS Children ONLY Sun AM,Day 0 at 08:30:00,2026-08-16 08:30,1,Yes,Official Sunday AM reporting hierarchy
INCLUDE,Children,4111,CM: PS 8:30 5th Grade Boys,RockPointe Church - Parker Square,Bible Study/Class,Division 15=CM Elementary / Program 1111=Children's Ministry (CM); Division 82=RP PS Children / Program 1138=Reporting (RP) PS Children ONLY Sun AM,Day 0 at 08:30:00,,,No,Official Sunday AM reporting hierarchy
INCLUDE,Children,4112,CM: PS 8:30 5th Grade Girls,RockPointe Church - Parker Square,Bible Study/Class,Division 15=CM Elementary / Program 1111=Children's Ministry (CM); Division 82=RP PS Children / Program 1138=Reporting (RP) PS Children ONLY Sun AM,Day 0 at 08:30:00,2026-08-16 08:30,1,Yes,Official Sunday AM reporting hierarchy
INCLUDE,Children,3501,CM: PS 8:30 Infants (Birth-Crawling),RockPointe Church - Parker Square,Bible Study/Class,Division 19=CM Preschool / Program 1111=Children's Ministry (CM); Division 82=RP PS Children / Program 1138=Reporting (RP) PS Children ONLY Sun AM,Day 0 at 08:30:00,2026-08-16 08:30,1,Yes,Official Sunday AM reporting hierarchy
INCLUDE,Children,4104,CM: PS 8:30 Kindergarten,RockPointe Church - Parker Square,Bible Study/Class,Division 15=CM Elementary / Program 1111=Children's Ministry (CM); Division 82=RP PS Children / Program 1138=Reporting (RP) PS Children ONLY Sun AM,Day 0 at 08:30:00,2026-08-16 08:30,5,Yes,Official Sunday AM reporting hierarchy
INCLUDE,Children,4103,CM: PS 8:30 PreK,RockPointe Church - Parker Square,Bible Study/Class,Division 19=CM Preschool / Program 1111=Children's Ministry (CM); Division 82=RP PS Children / Program 1138=Reporting (RP) PS Children ONLY Sun AM,Day 0 at 08:30:00,2026-08-16 08:30,1,Yes,Official Sunday AM reporting hierarchy
INCLUDE,Children,3502,CM: PS 8:30 Toddlers (Walking-24 mo),RockPointe Church - Parker Square,Bible Study/Class,Division 19=CM Preschool / Program 1111=Children's Ministry (CM); Division 82=RP PS Children / Program 1138=Reporting (RP) PS Children ONLY Sun AM,Day 0 at 08:30:00,2026-08-16 08:30,2,Yes,Official Sunday AM reporting hierarchy
INCLUDE,Children,1598,CM: PS 9:45 1st Grade,RockPointe Church - Parker Square,Bible Study/Class,Division 15=CM Elementary / Program 1111=Children's Ministry (CM); Division 82=RP PS Children / Program 1138=Reporting (RP) PS Children ONLY Sun AM,Day 0 at 09:45:00,2026-08-16 09:45,13,Yes,Official Sunday AM reporting hierarchy
INCLUDE,Children,1586,CM: PS 9:45 2 Years,RockPointe Church - Parker Square,Bible Study/Class,Division 19=CM Preschool / Program 1111=Children's Ministry (CM); Division 82=RP PS Children / Program 1138=Reporting (RP) PS Children ONLY Sun AM,Day 0 at 09:45:00,2026-08-16 09:45,9,Yes,Official Sunday AM reporting hierarchy
INCLUDE,Children,1600,CM: PS 9:45 2nd Grade,RockPointe Church - Parker Square,Bible Study/Class,Division 15=CM Elementary / Program 1111=Children's Ministry (CM); Division 82=RP PS Children / Program 1138=Reporting (RP) PS Children ONLY Sun AM,Day 0 at 09:45:00,2026-08-16 09:45,4,Yes,Official Sunday AM reporting hierarchy
INCLUDE,Children,1587,CM: PS 9:45 3 Years,RockPointe Church - Parker Square,Bible Study/Class,Division 19=CM Preschool / Program 1111=Children's Ministry (CM); Division 82=RP PS Children / Program 1138=Reporting (RP) PS Children ONLY Sun AM,Day 0 at 09:45:00,2026-08-16 09:45,13,Yes,Official Sunday AM reporting hierarchy
INCLUDE,Children,1803,CM: PS 9:45 3rd Grade Boys,RockPointe Church - Parker Square,Bible Study/Class,Division 15=CM Elementary / Program 1111=Children's Ministry (CM); Division 82=RP PS Children / Program 1138=Reporting (RP) PS Children ONLY Sun AM,Day 0 at 09:45:00,2026-08-16 09:45,10,Yes,Official Sunday AM reporting hierarchy
INCLUDE,Children,1804,CM: PS 9:45 3rd Grade Girls,RockPointe Church - Parker Square,Bible Study/Class,Division 15=CM Elementary / Program 1111=Children's Ministry (CM); Division 82=RP PS Children / Program 1138=Reporting (RP) PS Children ONLY Sun AM,Day 0 at 09:45:00,2026-08-16 09:45,5,Yes,Official Sunday AM reporting hierarchy
INCLUDE,Children,1604,CM: PS 9:45 4th Grade Boys,RockPointe Church - Parker Square,Bible Study/Class,Division 15=CM Elementary / Program 1111=Children's Ministry (CM); Division 82=RP PS Children / Program 1138=Reporting (RP) PS Children ONLY Sun AM,Day 0 at 09:45:00,2026-08-16 09:45,7,Yes,Official Sunday AM reporting hierarchy
INCLUDE,Children,1606,CM: PS 9:45 4th Grade Girls,RockPointe Church - Parker Square,Bible Study/Class,Division 15=CM Elementary / Program 1111=Children's Ministry (CM); Division 82=RP PS Children / Program 1138=Reporting (RP) PS Children ONLY Sun AM,Day 0 at 09:45:00,2026-08-16 09:45,4,Yes,Official Sunday AM reporting hierarchy
INCLUDE,Children,1609,CM: PS 9:45 5th Grade Boys,RockPointe Church - Parker Square,Bible Study/Class,Division 15=CM Elementary / Program 1111=Children's Ministry (CM); Division 82=RP PS Children / Program 1138=Reporting (RP) PS Children ONLY Sun AM,Day 0 at 09:45:00,2026-08-16 09:45,6,Yes,Official Sunday AM reporting hierarchy
INCLUDE,Children,1610,CM: PS 9:45 5th Grade Girls,RockPointe Church - Parker Square,Bible Study/Class,Division 15=CM Elementary / Program 1111=Children's Ministry (CM); Division 82=RP PS Children / Program 1138=Reporting (RP) PS Children ONLY Sun AM,Day 0 at 09:45:00,2026-08-16 09:45,10,Yes,Official Sunday AM reporting hierarchy
INCLUDE,Children,1585,CM: PS 9:45 Infants (Birth-Crawling),RockPointe Church - Parker Square,Bible Study/Class,Division 19=CM Preschool / Program 1111=Children's Ministry (CM); Division 82=RP PS Children / Program 1138=Reporting (RP) PS Children ONLY Sun AM,Day 0 at 09:45:00,2026-08-16 09:45,4,Yes,Official Sunday AM reporting hierarchy
INCLUDE,Children,1596,CM: PS 9:45 Kindergarten,RockPointe Church - Parker Square,Bible Study/Class,Division 15=CM Elementary / Program 1111=Children's Ministry (CM); Division 82=RP PS Children / Program 1138=Reporting (RP) PS Children ONLY Sun AM,Day 0 at 09:45:00,2026-08-16 09:45,23,Yes,Official Sunday AM reporting hierarchy
INCLUDE,Children,1588,CM: PS 9:45 PreK,RockPointe Church - Parker Square,Bible Study/Class,Division 19=CM Preschool / Program 1111=Children's Ministry (CM); Division 82=RP PS Children / Program 1138=Reporting (RP) PS Children ONLY Sun AM,Day 0 at 09:45:00,2026-08-16 09:45,3,Yes,Official Sunday AM reporting hierarchy
INCLUDE,Children,1822,CM: PS 9:45 Special Needs Kids,RockPointe Church - Parker Square,Bible Study/Class,Division 14=CM Special Needs / Program 1111=Children's Ministry (CM); Division 82=RP PS Children / Program 1138=Reporting (RP) PS Children ONLY Sun AM,Day 0 at 09:45:00,2026-08-16 09:45,5,Yes,Official Sunday AM reporting hierarchy
INCLUDE,Children,1593,CM: PS 9:45 Toddlers (Walking-24 mo),RockPointe Church - Parker Square,Bible Study/Class,Division 19=CM Preschool / Program 1111=Children's Ministry (CM); Division 82=RP PS Children / Program 1138=Reporting (RP) PS Children ONLY Sun AM,Day 0 at 09:45:00,2026-08-16 09:45,3,Yes,Official Sunday AM reporting hierarchy
INCLUDE,Volunteer,2429,CM: CC 10:45 AM Volunteers Special Needs,RockPointe Church - Central,Volunteers,Division 14=CM Special Needs / Program 1111=Children's Ministry (CM); Division 81=RP CC Children / Program 1137=Reporting (RP) CC Children ONLY Sun AM,Day 0 at 10:45:00; Day 6 at 17:00:00,2026-08-16 10:45,18,Yes,Official Sunday AM reporting hierarchy
INCLUDE,Volunteer,4017,CM: CC 10:45 Volunteers Elementary 2026-2027,RockPointe Church - Central,Volunteers,Division 15=CM Elementary / Program 1111=Children's Ministry (CM); Division 81=RP CC Children / Program 1137=Reporting (RP) CC Children ONLY Sun AM,Day 0 at 10:45:00,2026-08-16 10:45,22,Yes,Official Sunday AM reporting hierarchy
INCLUDE,Volunteer,4027,CM: CC 10:45 Volunteers Welcome Team 2026-2027,RockPointe Church - Central,Volunteers,Division 15=CM Elementary / Program 1111=Children's Ministry (CM); Division 81=RP CC Children / Program 1137=Reporting (RP) CC Children ONLY Sun AM,Day 0 at 10:45:00,2026-08-09 10:45,0,No,Official Sunday AM reporting hierarchy
INCLUDE,Volunteer,4016,CM: CC 9:00 Volunteers Elementary 2026-2027,RockPointe Church - Central,Volunteers,Division 15=CM Elementary / Program 1111=Children's Ministry (CM); Division 81=RP CC Children / Program 1137=Reporting (RP) CC Children ONLY Sun AM,Day 0 at 09:00:00,2026-08-16 09:00,45,Yes,Official Sunday AM reporting hierarchy
INCLUDE,Volunteer,4026,CM: CC 9:00 Volunteers Welcome Team 2026-2027,RockPointe Church - Central,Volunteers,Division 19=CM Preschool / Program 1111=Children's Ministry (CM); Division 81=RP CC Children / Program 1137=Reporting (RP) CC Children ONLY Sun AM,Day 0 at 09:00:00,2026-08-09 09:00,0,No,Official Sunday AM reporting hierarchy
INCLUDE,Volunteer,1885,CM: CC 9:00 a Volunteers Special Needs,RockPointe Church - Central,Volunteers,Division 14=CM Special Needs / Program 1111=Children's Ministry (CM); Division 81=RP CC Children / Program 1137=Reporting (RP) CC Children ONLY Sun AM,Day 0 at 09:00:00,2026-08-16 09:00,30,Yes,Official Sunday AM reporting hierarchy
INCLUDE,Volunteer,4025,CM: PS 11:15 Volunteers Elementary 2026-2027,RockPointe Church - Parker Square,Volunteers,Division 15=CM Elementary / Program 1111=Children's Ministry (CM); Division 82=RP PS Children / Program 1138=Reporting (RP) PS Children ONLY Sun AM,Day 0 at 11:15:00,2026-08-16 11:15,9,Yes,Official Sunday AM reporting hierarchy
INCLUDE,Volunteer,4024,CM: PS 11:15 Volunteers Nursery/Kinder 2026-2027,RockPointe Church - Parker Square,Volunteers,Division 19=CM Preschool / Program 1111=Children's Ministry (CM); Division 82=RP PS Children / Program 1138=Reporting (RP) PS Children ONLY Sun AM,Day 0 at 11:15:00,2026-08-16 11:15,11,Yes,Official Sunday AM reporting hierarchy
INCLUDE,Volunteer,2430,CM: PS 11:15 Volunteers Special Needs,RockPointe Church - Parker Square,Volunteers,Division 14=CM Special Needs / Program 1111=Children's Ministry (CM); Division 82=RP PS Children / Program 1138=Reporting (RP) PS Children ONLY Sun AM,Day 0 at 11:15:00,2026-08-16 11:15,13,Yes,Official Sunday AM reporting hierarchy
INCLUDE,Volunteer,4021,CM: PS 8:30 Volunteers Elementary 2026-2027,RockPointe Church - Parker Square,Volunteers,Division 19=CM Preschool / Program 1111=Children's Ministry (CM); Division 82=RP PS Children / Program 1138=Reporting (RP) PS Children ONLY Sun AM,Day 0 at 08:30:00,,,No,Official Sunday AM reporting hierarchy
INCLUDE,Volunteer,4020,CM: PS 8:30 Volunteers Nursery/Kinder 2026-2027,RockPointe Church - Parker Square,Volunteers,Division 19=CM Preschool / Program 1111=Children's Ministry (CM); Division 82=RP PS Children / Program 1138=Reporting (RP) PS Children ONLY Sun AM,Day 0 at 08:30:00,2026-08-16 08:30,1,Yes,Official Sunday AM reporting hierarchy
INCLUDE,Volunteer,4023,CM: PS 9:45 Volunteers Elementary 2026-2027,RockPointe Church - Parker Square,Volunteers,Division 15=CM Elementary / Program 1111=Children's Ministry (CM); Division 82=RP PS Children / Program 1138=Reporting (RP) PS Children ONLY Sun AM,Day 0 at 09:45:00,2026-08-16 09:45,14,Yes,Official Sunday AM reporting hierarchy
INCLUDE,Volunteer,4022,CM: PS 9:45 Volunteers Nursery/Kinder 2026-2027,RockPointe Church - Parker Square,Volunteers,Division 19=CM Preschool / Program 1111=Children's Ministry (CM); Division 82=RP PS Children / Program 1138=Reporting (RP) PS Children ONLY Sun AM,Day 0 at 09:45:00,2026-08-16 09:45,20,Yes,Official Sunday AM reporting hierarchy
INCLUDE,Volunteer,1060,CM: PS 9:45 Volunteers Special Needs,RockPointe Church - Parker Square,Volunteers,Division 14=CM Special Needs / Program 1111=Children's Ministry (CM); Division 82=RP PS Children / Program 1138=Reporting (RP) PS Children ONLY Sun AM,Day 0 at 09:45:00,2026-08-16 09:45,7,Yes,Official Sunday AM reporting hierarchy
INCLUDE,Volunteer,4028,CM: PS Volunteers Welcome Team 2026-2027,RockPointe Church - Parker Square,Volunteers,Division 15=CM Elementary / Program 1111=Children's Ministry (CM); Division 82=RP PS Children / Program 1138=Reporting (RP) PS Children ONLY Sun AM,Day 0 at 08:30:00; Day 0 at 09:45:00; Day 0 at 11:15:00,2026-08-16 11:15,2,Yes,Official Sunday AM reporting hierarchy
REVIEW,Auxiliary CM,3910,CM: CC Basics for Kids June 2026,RockPointe Church - Central,Bible Study/Class,Division 15=CM Elementary / Program 1111=Children's Ministry (CM); Division 112=CM Events / Program 1111=Children's Ministry (CM),,2026-06-14 08:30,6,No,Children’s Ministry hierarchy but outside official Sunday AM reporting divisions
REVIEW,Auxiliary CM,3668,CM: CC Childcare Sunday PM Summer/Fall 2026,RockPointe Church - Central,Bible Study/Class,Division 66=CM Childcare / Program 1111=Children's Ministry (CM),Day 0 at 16:00:00,2026-08-16 16:00,27,Yes,Children’s Ministry hierarchy but outside official Sunday AM reporting divisions
REVIEW,Auxiliary CM,103,CM: Embrace Families,RockPointe Church - Central,Small Groups,Division 14=CM Special Needs / Program 1111=Children's Ministry (CM),Day 0 at 18:00:00,2023-10-08 16:00,1,No,Children’s Ministry hierarchy but outside official Sunday AM reporting divisions
REVIEW,Auxiliary CM,2929,CM: PS Basics for Kids April 2026,RockPointe Church - Parker Square,Bible Study/Class,Division 15=CM Elementary / Program 1111=Children's Ministry (CM); Division 112=CM Events / Program 1111=Children's Ministry (CM),Day 0 at 08:00:00,2026-08-02 07:59,1,No,Children’s Ministry hierarchy but outside official Sunday AM reporting divisions
REVIEW,Auxiliary CM,2959,CM: PS Childcare Sunday PM 2026,RockPointe Church - Parker Square,Bible Study/Class,Division 66=CM Childcare / Program 1111=Children's Ministry (CM),Day 0 at 16:00:00,2026-03-01 16:59,5,No,Children’s Ministry hierarchy but outside official Sunday AM reporting divisions
REVIEW,Volunteer,3690,CM: CC Childcare Teachers Fall 2026,RockPointe Church - Central,Volunteers,Division 66=CM Childcare / Program 1111=Children's Ministry (CM),,2026-08-16 15:45,10,Yes,Children’s Ministry hierarchy but outside official Sunday AM reporting divisions
REVIEW,Volunteer,4012,CM: CC Childcare Teachers Sunday AM,RockPointe Church - Central,Volunteers,Division 66=CM Childcare / Program 1111=Children's Ministry (CM),,2026-07-05 10:14,8,No,Children’s Ministry hierarchy but outside official Sunday AM reporting divisions
REVIEW,Volunteer,4072,CM: CC Preschool Volunteer Scheduler 26-27,RockPointe Church - Central,Volunteers,Division 19=CM Preschool / Program 1111=Children's Ministry (CM),,2026-08-16 10:30,17,Yes,Children’s Ministry hierarchy but outside official Sunday AM reporting divisions
REVIEW,Volunteer,3587,CM: CC Welcome Team Scheduler,RockPointe Church - Central,Volunteers,Division 15=CM Elementary / Program 1111=Children's Ministry (CM),,2026-08-16 10:25,6,Yes,Children’s Ministry hierarchy but outside official Sunday AM reporting divisions
REVIEW,Volunteer,2158,Health and Safety Team,RockPointe Church - Central,Volunteers,Division 15=CM Elementary / Program 1111=Children's Ministry (CM),,2026-08-16 10:45,0,Yes,Children’s Ministry hierarchy but outside official Sunday AM reporting divisions
REVIEW,Volunteer,3508,CM: PS 8:30 Birth-5th  Volunteers Scheduler,RockPointe Church - Parker Square,Volunteers,Division 66=CM Childcare / Program 1111=Children's Ministry (CM),,2026-08-16 08:10,8,Yes,Children’s Ministry hierarchy but outside official Sunday AM reporting divisions
REVIEW,Volunteer,2558,CM: PS Childcare Teachers Sunday AM,RockPointe Church - Parker Square,Volunteers,Division 66=CM Childcare / Program 1111=Children's Ministry (CM),,2026-05-31 10:45,5,No,Children’s Ministry hierarchy but outside official Sunday AM reporting divisions
REVIEW,Volunteer,1350,CM: PS Volunteers Safety Team,RockPointe Church - Parker Square,Volunteers,Division 15=CM Elementary / Program 1111=Children's Ministry (CM),Day 0 at 08:30:00; Day 0 at 09:45:00; Day 0 at 11:15:00; Day 6 at 16:00:00; Day 6 at 17:30:00,2026-08-16 11:15,3,Yes,Children’s Ministry hierarchy but outside official Sunday AM reporting divisions
EXCLUDE,Unrelated,1442,SG: Alisentono/Lilly (Families + Children),,Small Groups,Division 10=SG Groups / Program 1108=Small Groups (SG); Division 75=SG CLOSED / Program 1108=Small Groups (SG); Division 31=AD Classes/Meetings/Groups / Program 1119=Adult Discipleship (AD),Day 0 at 16:15:00,2026-07-26 16:14,20,No,Direct staff membership or generic name match outside Children’s Ministry
EXCLUDE,Unrelated,3835,SG: McCallum (FWT/EN),,Small Groups,Division 75=SG CLOSED / Program 1108=Small Groups (SG); Division 31=AD Classes/Meetings/Groups / Program 1119=Adult Discipleship (AD),Day 0 at 17:30:00,2026-03-22 17:30,10,No,Direct staff membership or generic name match outside Children’s Ministry
EXCLUDE,Unrelated,2479,SG: Tomasella (Married w/Young Children),,Small Groups,Division 10=SG Groups / Program 1108=Small Groups (SG); Division 76=SG OPEN / Program 1108=Small Groups (SG); Division 31=AD Classes/Meetings/Groups / Program 1119=Adult Discipleship (AD),Day 0 at 16:00:00,2026-04-26 16:00,12,No,Direct staff membership or generic name match outside Children’s Ministry
EXCLUDE,Unrelated,2575,CO: CC: Sunday Prayer Partners,RockPointe Church - Central,Volunteers,Division 24=CO First Time Visitor / Program 1115=Connections (CO),,2026-08-16 10:45,0,Yes,Direct staff membership or generic name match outside Children’s Ministry
EXCLUDE,Unrelated,3785,PM: CC Crucial Conversations: Do You Know What Your Kids Are Watching?,RockPointe Church - Central,Bible Study/Class,Division 105=PM Admin / Program 1116=Parenting (PM),,2026-04-26 16:00,43,No,Direct staff membership or generic name match outside Children’s Ministry
EXCLUDE,Unrelated,2918,SG: Adult Small Group Leaders,RockPointe Church - Central,Small Groups,Division 10=SG Groups / Program 1108=Small Groups (SG); Division 50=AD Events / Program 1119=Adult Discipleship (AD); Division 118=AD Ongoing Serving / Program 1119=Adult Discipleship (AD),,2026-05-31 00:00,0,No,Direct staff membership or generic name match outside Children’s Ministry
EXCLUDE,Unrelated,79,SG: Burgess (Families w/Grown Children),RockPointe Church - Central,Small Groups,Division 10=SG Groups / Program 1108=Small Groups (SG); Division 76=SG OPEN / Program 1108=Small Groups (SG); Division 31=AD Classes/Meetings/Groups / Program 1119=Adult Discipleship (AD),Day 0 at 19:00:00,2026-07-26 19:00,5,No,Direct staff membership or generic name match outside Children’s Ministry
EXCLUDE,Unrelated,753,SG: Han/Burns (Young Married w/kids ),RockPointe Church - Central,Small Groups,Division 10=SG Groups / Program 1108=Small Groups (SG); Division 76=SG OPEN / Program 1108=Small Groups (SG); Division 31=AD Classes/Meetings/Groups / Program 1119=Adult Discipleship (AD),Day 0 at 16:30:00,2026-08-09 16:30,9,No,Direct staff membership or generic name match outside Children’s Ministry
EXCLUDE,Unrelated,1789,SG: Hattaway (Families w/Young Kids),RockPointe Church - Central,Small Groups,Division 10=SG Groups / Program 1108=Small Groups (SG); Division 76=SG OPEN / Program 1108=Small Groups (SG); Division 31=AD Classes/Meetings/Groups / Program 1119=Adult Discipleship (AD),Day 0 at 16:00:00,2026-04-12 16:00,6,No,Direct staff membership or generic name match outside Children’s Ministry
EXCLUDE,Unrelated,345,SG: Kaprelian (Families w/OlderKids/Teens),RockPointe Church - Central,Small Groups,Division 10=SG Groups / Program 1108=Small Groups (SG); Division 76=SG OPEN / Program 1108=Small Groups (SG); Division 31=AD Classes/Meetings/Groups / Program 1119=Adult Discipleship (AD),Day 0 at 15:00:00,2026-05-17 15:00,0,No,Direct staff membership or generic name match outside Children’s Ministry
EXCLUDE,Unrelated,622,SG: Thompson (Families w/Kids/Teens),RockPointe Church - Central,Small Groups,Division 10=SG Groups / Program 1108=Small Groups (SG); Division 76=SG OPEN / Program 1108=Small Groups (SG); Division 31=AD Classes/Meetings/Groups / Program 1119=Adult Discipleship (AD),,2026-08-09 16:00,8,No,Direct staff membership or generic name match outside Children’s Ministry
EXCLUDE,Unrelated,4011,SM: All Volunteers 2026-2027,RockPointe Church - Central,Volunteers,Division 11=SM Sundays / Program 1109=Student Ministry (SM),Day 0 at 08:00:00,2026-08-16 07:59,0,Yes,Direct staff membership or generic name match outside Children’s Ministry
EXCLUDE,Unrelated,1654,SM: CC Middle School Off Hour,RockPointe Church - Central,Bible Study/Class,Division 11=SM Sundays / Program 1109=Student Ministry (SM),Day 0 at 10:45:00,2026-08-16 10:45,15,Yes,Direct staff membership or generic name match outside Children’s Ministry
EXCLUDE,Unrelated,1958,SM: CC Sunday Morning Subs,RockPointe Church - Central,Volunteers,Division 11=SM Sundays / Program 1109=Student Ministry (SM),Day 0 at 09:00:00; Day 0 at 10:45:00,2026-08-16 10:45,1,Yes,Direct staff membership or generic name match outside Children’s Ministry
EXCLUDE,Unrelated,1424,SM: PS 11th Girls,RockPointe Church - Parker Square,Bible Study/Class,Division 11=SM Sundays / Program 1109=Student Ministry (SM); Division 85=RP PS Students / Program 1141=Reporting (RP) PS Students ONLY Sun AM,Day 0 at 11:15:00,2026-08-16 11:15,2,Yes,Direct staff membership or generic name match outside Children’s Ministry
EXCLUDE,Unrelated,1425,SM: PS 11th Guys,RockPointe Church - Parker Square,Bible Study/Class,Division 11=SM Sundays / Program 1109=Student Ministry (SM); Division 85=RP PS Students / Program 1141=Reporting (RP) PS Students ONLY Sun AM,Day 0 at 11:15:00,2026-08-16 11:15,6,Yes,Direct staff membership or generic name match outside Children’s Ministry
EXCLUDE,Unrelated,1426,SM: PS 12th Girls,RockPointe Church - Parker Square,Bible Study/Class,Division 11=SM Sundays / Program 1109=Student Ministry (SM); Division 85=RP PS Students / Program 1141=Reporting (RP) PS Students ONLY Sun AM,Day 0 at 11:15:00,2026-08-16 11:15,1,Yes,Direct staff membership or generic name match outside Children’s Ministry
EXCLUDE,Unrelated,1427,SM: PS 12th Guys,RockPointe Church - Parker Square,Bible Study/Class,Division 11=SM Sundays / Program 1109=Student Ministry (SM); Division 85=RP PS Students / Program 1141=Reporting (RP) PS Students ONLY Sun AM,Day 0 at 11:15:00,2026-08-16 11:15,1,Yes,Direct staff membership or generic name match outside Children’s Ministry
EXCLUDE,Unrelated,4124,SM: PS Sunday Morning Volunteers 2026-2027,RockPointe Church - Parker Square,Volunteers,Division 11=SM Sundays / Program 1109=Student Ministry (SM); Division 82=RP PS Children / Program 1138=Reporting (RP) PS Children ONLY Sun AM,Day 0 at 09:45:00; Day 0 at 11:15:00,2026-08-16 11:15,4,Yes,Direct staff membership or generic name match outside Children’s Ministry
