Category,Campus,OrganizationId,OrganizationName,OrganizationTypeId,OrganizationType,SundayScheduleTimes,2026-08-16 Status,2026-08-16 Attendance,2026-08-09 Status,2026-08-09 Attendance,2026-08-02 Status,2026-08-02 Attendance,2026-07-26 Status,2026-07-26 Attendance,FourWeekAttendance,FourWeekReportedMeetings,LatestSundayMissing
Children/Classroom,RockPointe Church - Central,1876,CM: CC 10:45 AM 18-24 Months,201,Bible Study/Class,10:45:00,NO MEETING,0,REPORTED,1,REPORTED,1,NO MEETING,0,2,2,YES
Children/Classroom,RockPointe Church - Central,1865,CM: CC 10:45 AM 1st Grade,201,Bible Study/Class,10:45:00,REPORTED,9,REPORTED,4,REPORTED,4,REPORTED,6,23,4,
Children/Classroom,RockPointe Church - Central,1878,CM: CC 10:45 AM 2 Years,201,Bible Study/Class,10:45:00,REPORTED,4,REPORTED,5,REPORTED,7,REPORTED,7,23,4,
Children/Classroom,RockPointe Church - Central,1871,CM: CC 10:45 AM 2nd Grade,201,Bible Study/Class,10:45:00,REPORTED,10,REPORTED,12,REPORTED,9,REPORTED,8,39,4,
Children/Classroom,RockPointe Church - Central,1879,CM: CC 10:45 AM 3 Years,201,Bible Study/Class,10:45:00,REPORTED,8,REPORTED,5,REPORTED,8,REPORTED,6,27,4,
Children/Classroom,RockPointe Church - Central,820,CM: CC 10:45 AM 3rd Grade Boys,201,Bible Study/Class,10:45:00,REPORTED,6,REPORTED,10,REPORTED,10,REPORTED,5,31,4,
Children/Classroom,RockPointe Church - Central,98,CM: CC 10:45 AM 3rd Grade Girls,201,Bible Study/Class,10:45:00,REPORTED,5,REPORTED,10,REPORTED,9,REPORTED,8,32,4,
Children/Classroom,RockPointe Church - Central,1866,CM: CC 10:45 AM 4th Grade Boys,201,Bible Study/Class,10:45:00,REPORTED,7,REPORTED,7,REPORTED,3,REPORTED,4,21,4,
Children/Classroom,RockPointe Church - Central,1872,CM: CC 10:45 AM 4th Grade Girls,201,Bible Study/Class,10:45:00,REPORTED,14,REPORTED,11,REPORTED,9,REPORTED,1,35,4,
Children/Classroom,RockPointe Church - Central,1854,CM: CC 10:45 AM 5th Grade Boys,201,Bible Study/Class,10:45:00,REPORTED,8,REPORTED,6,REPORTED,4,REPORTED,5,23,4,
Children/Classroom,RockPointe Church - Central,1859,CM: CC 10:45 AM 5th Grade Girls,201,Bible Study/Class,10:45:00,REPORTED,9,REPORTED,8,REPORTED,9,REPORTED,5,31,4,
Children/Classroom,RockPointe Church - Central,819,CM: CC 10:45 AM Crawlers,201,Bible Study/Class,10:45:00,REPORTED,3,REPORTED,1,REPORTED,3,REPORTED,3,10,4,
Children/Classroom,RockPointe Church - Central,1858,CM: CC 10:45 AM Infants,201,Bible Study/Class,10:45:00,REPORTED,4,REPORTED,3,REPORTED,5,REPORTED,5,17,4,
Children/Classroom,RockPointe Church - Central,1857,CM: CC 10:45 AM Kindergarten,201,Bible Study/Class,10:45:00,REPORTED,20,REPORTED,10,REPORTED,10,REPORTED,11,51,4,
Children/Classroom,RockPointe Church - Central,822,CM: CC 10:45 AM PreK (4-5 Years),201,Bible Study/Class,10:45:00,REPORTED,5,REPORTED,18,REPORTED,22,REPORTED,22,67,4,
Children/Classroom,RockPointe Church - Central,2428,CM: CC 10:45 AM Special Needs Kids,201,Bible Study/Class,10:45:00,REPORTED,9,REPORTED,8,REPORTED,10,REPORTED,9,36,4,
Children/Classroom,RockPointe Church - Central,1850,CM: CC 10:45 AM Walking-18 Months,201,Bible Study/Class,10:45:00,REPORTED,2,REPORTED,1,REPORTED,2,REPORTED,3,8,4,
Children/Classroom,RockPointe Church - Central,1875,CM: CC 9:00a 18-24 Months,201,Bible Study/Class,09:00:00,REPORTED,2,REPORTED,1,REPORTED,3,REPORTED,1,7,4,
Children/Classroom,RockPointe Church - Central,1861,CM: CC 9:00a 1st Grade,201,Bible Study/Class,09:00:00,REPORTED,29,REPORTED,17,REPORTED,16,REPORTED,16,78,4,
Children/Classroom,RockPointe Church - Central,1877,CM: CC 9:00a 2 Years,201,Bible Study/Class,09:00:00,REPORTED,18,REPORTED,23,REPORTED,14,REPORTED,13,68,4,
Children/Classroom,RockPointe Church - Central,1868,CM: CC 9:00a 2nd Grade,201,Bible Study/Class,09:00:00,REPORTED,30,REPORTED,18,REPORTED,15,REPORTED,14,77,4,
Children/Classroom,RockPointe Church - Central,1880,CM: CC 9:00a 3 Years,201,Bible Study/Class,09:00:00,REPORTED,25,REPORTED,15,REPORTED,14,REPORTED,16,70,4,
Children/Classroom,RockPointe Church - Central,821,CM: CC 9:00a 3rd Grade Boys,201,Bible Study/Class,09:00:00,REPORTED,12,REPORTED,14,REPORTED,16,REPORTED,4,46,4,
Children/Classroom,RockPointe Church - Central,199,CM: CC 9:00a 3rd Grade Girls,201,Bible Study/Class,09:00:00,REPORTED,17,REPORTED,10,REPORTED,8,REPORTED,6,41,4,
Children/Classroom,RockPointe Church - Central,1869,CM: CC 9:00a 4th Grade Boys,201,Bible Study/Class,09:00:00,REPORTED,18,REPORTED,7,REPORTED,7,REPORTED,8,40,4,
Children/Classroom,RockPointe Church - Central,1873,CM: CC 9:00a 4th Grade Girls,201,Bible Study/Class,09:00:00,REPORTED,19,REPORTED,7,REPORTED,13,REPORTED,7,46,4,
Children/Classroom,RockPointe Church - Central,1849,CM: CC 9:00a 5th Grade Boys,201,Bible Study/Class,09:00:00,REPORTED,14,REPORTED,14,REPORTED,9,REPORTED,5,42,4,
Children/Classroom,RockPointe Church - Central,1862,CM: CC 9:00a 5th Grade Girls,201,Bible Study/Class,09:00:00,REPORTED,16,REPORTED,8,REPORTED,7,REPORTED,3,34,4,
Children/Classroom,RockPointe Church - Central,358,CM: CC 9:00a Crawlers,201,Bible Study/Class,09:00:00,REPORTED,5,REPORTED,7,REPORTED,4,REPORTED,5,21,4,
Children/Classroom,RockPointe Church - Central,1855,CM: CC 9:00a Infants,201,Bible Study/Class,09:00:00,REPORTED,2,REPORTED,5,REPORTED,7,NO MEETING,0,14,3,
Children/Classroom,RockPointe Church - Central,1852,CM: CC 9:00a Kindergarten,201,Bible Study/Class,09:00:00,REPORTED,54,REPORTED,22,REPORTED,20,REPORTED,12,108,4,
Children/Classroom,RockPointe Church - Central,823,CM: CC 9:00a PreK (4-5 Years),201,Bible Study/Class,09:00:00,REPORTED,11,REPORTED,53,REPORTED,40,REPORTED,44,148,4,
Children/Classroom,RockPointe Church - Central,86,CM: CC 9:00a Special Needs Kids,201,Bible Study/Class,09:00:00,REPORTED,14,REPORTED,11,REPORTED,9,REPORTED,13,47,4,
Children/Classroom,RockPointe Church - Central,1863,CM: CC 9:00a Walking-18 Months,201,Bible Study/Class,09:00:00,REPORTED,7,REPORTED,3,REPORTED,4,REPORTED,4,18,4,
Children/Classroom,RockPointe Church - Parker Square,1597,CM: PS 11:15 1st Grade,201,Bible Study/Class,11:15:00,REPORTED,5,REPORTED,3,REPORTED,4,REPORTED,5,17,4,
Children/Classroom,RockPointe Church - Parker Square,1582,CM: PS 11:15 2 Years,201,Bible Study/Class,11:15:00,REPORTED,2,REPORTED,1,REPORTED,4,REPORTED,2,9,4,
Children/Classroom,RockPointe Church - Parker Square,1599,CM: PS 11:15 2nd Grade,201,Bible Study/Class,11:15:00,REPORTED,7,REPORTED,7,REPORTED,7,REPORTED,5,26,4,
Children/Classroom,RockPointe Church - Parker Square,1583,CM: PS 11:15 3 Years,201,Bible Study/Class,11:15:00,REPORTED,4,REPORTED,4,REPORTED,3,REPORTED,6,17,4,
Children/Classroom,RockPointe Church - Parker Square,1805,CM: PS 11:15 3rd Grade Boys,201,Bible Study/Class,11:15:00,REPORTED,5,REPORTED,2,REPORTED,3,REPORTED,3,13,4,
Children/Classroom,RockPointe Church - Parker Square,1806,CM: PS 11:15 3rd Grade Girls,201,Bible Study/Class,11:15:00,REPORTED,3,REPORTED,4,REPORTED,3,REPORTED,4,14,4,
Children/Classroom,RockPointe Church - Parker Square,1603,CM: PS 11:15 4th Grade Boys,201,Bible Study/Class,11:15:00,REPORTED,3,NO MEETING,0,REPORTED,1,REPORTED,2,6,3,
Children/Classroom,RockPointe Church - Parker Square,1605,CM: PS 11:15 4th Grade Girls,201,Bible Study/Class,11:15:00,REPORTED,5,REPORTED,1,REPORTED,5,REPORTED,4,15,4,
Children/Classroom,RockPointe Church - Parker Square,1607,CM: PS 11:15 5th Grade Boys,201,Bible Study/Class,11:15:00,REPORTED,5,REPORTED,4,REPORTED,7,REPORTED,4,20,4,
Children/Classroom,RockPointe Church - Parker Square,1608,CM: PS 11:15 5th Grade Girls,201,Bible Study/Class,11:15:00,REPORTED,4,REPORTED,5,REPORTED,2,REPORTED,2,13,4,
Children/Classroom,RockPointe Church - Parker Square,1580,CM: PS 11:15 Infants (Birth-Crawling),201,Bible Study/Class,11:15:00,REPORTED,2,REPORTED,2,REPORTED,2,REPORTED,6,12,4,
Children/Classroom,RockPointe Church - Parker Square,1595,CM: PS 11:15 Kindergarten,201,Bible Study/Class,11:15:00,REPORTED,10,REPORTED,4,REPORTED,8,REPORTED,3,25,4,
Children/Classroom,RockPointe Church - Parker Square,1584,CM: PS 11:15 PreK,201,Bible Study/Class,11:15:00,REPORTED,1,REPORTED,3,REPORTED,10,REPORTED,4,18,4,
Children/Classroom,RockPointe Church - Parker Square,1591,CM: PS 11:15 Special Needs Kids,201,Bible Study/Class,11:15:00,REPORTED,13,REPORTED,12,REPORTED,9,REPORTED,19,53,4,
Children/Classroom,RockPointe Church - Parker Square,1581,CM: PS 11:15 Toddlers (Walking-24 mo),201,Bible Study/Class,11:15:00,NO MEETING,0,NO MEETING,0,REPORTED,1,NO MEETING,0,1,1,YES
Children/Classroom,RockPointe Church - Parker Square,4105,CM: PS 8:30 1st Grade,201,Bible Study/Class,08:30:00,REPORTED,1,NO MEETING,0,NO MEETING,0,NO MEETING,0,1,1,
Children/Classroom,RockPointe Church - Parker Square,3503,CM: PS 8:30 2 Years,201,Bible Study/Class,08:30:00,REPORTED,1,REPORTED,1,REPORTED,1,REPORTED,2,5,4,
Children/Classroom,RockPointe Church - Parker Square,4106,CM: PS 8:30 2nd Grade,201,Bible Study/Class,08:30:00,NO MEETING,0,NO MEETING,0,NO MEETING,0,NO MEETING,0,0,0,YES
Children/Classroom,RockPointe Church - Parker Square,3504,CM: PS 8:30 3 Years,201,Bible Study/Class,08:30:00,REPORTED,4,REPORTED,4,NO MEETING,0,NO MEETING,0,8,2,
Children/Classroom,RockPointe Church - Parker Square,4107,CM: PS 8:30 3rd Grade Boys,201,Bible Study/Class,08:30:00,NO MEETING,0,NO MEETING,0,NO MEETING,0,NO MEETING,0,0,0,YES
Children/Classroom,RockPointe Church - Parker Square,4108,CM: PS 8:30 3rd Grade Girls,201,Bible Study/Class,08:30:00,NO MEETING,0,NO MEETING,0,NO MEETING,0,NO MEETING,0,0,0,YES
Children/Classroom,RockPointe Church - Parker Square,4109,CM: PS 8:30 4th Grade Boys,201,Bible Study/Class,08:30:00,NO MEETING,0,NO MEETING,0,NO MEETING,0,NO MEETING,0,0,0,YES
Children/Classroom,RockPointe Church - Parker Square,4110,CM: PS 8:30 4th Grade Girls,201,Bible Study/Class,08:30:00,REPORTED,1,NO MEETING,0,NO MEETING,0,NO MEETING,0,1,1,
Children/Classroom,RockPointe Church - Parker Square,4111,CM: PS 8:30 5th Grade Boys,201,Bible Study/Class,08:30:00,NO MEETING,0,NO MEETING,0,NO MEETING,0,NO MEETING,0,0,0,YES
Children/Classroom,RockPointe Church - Parker Square,4112,CM: PS 8:30 5th Grade Girls,201,Bible Study/Class,08:30:00,REPORTED,1,NO MEETING,0,NO MEETING,0,NO MEETING,0,1,1,
Children/Classroom,RockPointe Church - Parker Square,3501,CM: PS 8:30 Infants (Birth-Crawling),201,Bible Study/Class,08:30:00,REPORTED,1,REPORTED,1,REPORTED,1,REPORTED,1,4,4,
Children/Classroom,RockPointe Church - Parker Square,4104,CM: PS 8:30 Kindergarten,201,Bible Study/Class,08:30:00,REPORTED,5,NO MEETING,0,NO MEETING,0,NO MEETING,0,5,1,
Children/Classroom,RockPointe Church - Parker Square,4103,CM: PS 8:30 PreK,201,Bible Study/Class,08:30:00,REPORTED,1,NO MEETING,0,NO MEETING,0,NO MEETING,0,1,1,
Children/Classroom,RockPointe Church - Parker Square,3502,CM: PS 8:30 Toddlers (Walking-24 mo),201,Bible Study/Class,08:30:00,REPORTED,2,REPORTED,1,NO MEETING,0,REPORTED,0,3,3,
Children/Classroom,RockPointe Church - Parker Square,1598,CM: PS 9:45 1st Grade,201,Bible Study/Class,09:45:00,REPORTED,13,REPORTED,5,REPORTED,5,REPORTED,5,28,4,
Children/Classroom,RockPointe Church - Parker Square,1586,CM: PS 9:45 2 Years,201,Bible Study/Class,09:45:00,REPORTED,9,REPORTED,8,REPORTED,9,REPORTED,9,35,4,
Children/Classroom,RockPointe Church - Parker Square,1600,CM: PS 9:45 2nd Grade,201,Bible Study/Class,09:45:00,REPORTED,4,REPORTED,15,REPORTED,10,REPORTED,9,38,4,
Children/Classroom,RockPointe Church - Parker Square,1587,CM: PS 9:45 3 Years,201,Bible Study/Class,09:45:00,REPORTED,13,REPORTED,10,REPORTED,9,REPORTED,10,42,4,
Children/Classroom,RockPointe Church - Parker Square,1803,CM: PS 9:45 3rd Grade Boys,201,Bible Study/Class,09:45:00,REPORTED,10,REPORTED,6,REPORTED,6,REPORTED,5,27,4,
Children/Classroom,RockPointe Church - Parker Square,1804,CM: PS 9:45 3rd Grade Girls,201,Bible Study/Class,09:45:00,REPORTED,5,REPORTED,4,REPORTED,4,REPORTED,3,16,4,
Children/Classroom,RockPointe Church - Parker Square,1604,CM: PS 9:45 4th Grade Boys,201,Bible Study/Class,09:45:00,REPORTED,7,REPORTED,5,REPORTED,8,REPORTED,4,24,4,
Children/Classroom,RockPointe Church - Parker Square,1606,CM: PS 9:45 4th Grade Girls,201,Bible Study/Class,09:45:00,REPORTED,4,REPORTED,3,REPORTED,2,REPORTED,2,11,4,
Children/Classroom,RockPointe Church - Parker Square,1609,CM: PS 9:45 5th Grade Boys,201,Bible Study/Class,09:45:00,REPORTED,6,REPORTED,3,REPORTED,1,REPORTED,1,11,4,
Children/Classroom,RockPointe Church - Parker Square,1610,CM: PS 9:45 5th Grade Girls,201,Bible Study/Class,09:45:00,REPORTED,10,REPORTED,3,REPORTED,3,REPORTED,2,18,4,
Children/Classroom,RockPointe Church - Parker Square,1585,CM: PS 9:45 Infants (Birth-Crawling),201,Bible Study/Class,09:45:00,REPORTED,4,REPORTED,3,REPORTED,3,REPORTED,4,14,4,
Children/Classroom,RockPointe Church - Parker Square,1596,CM: PS 9:45 Kindergarten,201,Bible Study/Class,09:45:00,REPORTED,23,REPORTED,20,REPORTED,7,REPORTED,13,63,4,
Children/Classroom,RockPointe Church - Parker Square,1588,CM: PS 9:45 PreK,201,Bible Study/Class,09:45:00,REPORTED,3,REPORTED,17,REPORTED,18,REPORTED,23,61,4,
Children/Classroom,RockPointe Church - Parker Square,1822,CM: PS 9:45 Special Needs Kids,201,Bible Study/Class,09:45:00,REPORTED,5,REPORTED,4,REPORTED,5,REPORTED,4,18,4,
Children/Classroom,RockPointe Church - Parker Square,1593,CM: PS 9:45 Toddlers (Walking-24 mo),201,Bible Study/Class,09:45:00,REPORTED,3,REPORTED,5,REPORTED,4,REPORTED,6,18,4,
Volunteer,RockPointe Church - Central,2429,CM: CC 10:45 AM Volunteers Special Needs,207,Volunteers,10:45:00,REPORTED,18,REPORTED,12,REPORTED,13,REPORTED,10,53,4,
Volunteer,RockPointe Church - Central,4017,CM: CC 10:45 Volunteers Elementary 2026-2027,207,Volunteers,10:45:00,REPORTED,22,REPORTED,0,REPORTED,0,REPORTED,0,22,4,
Volunteer,RockPointe Church - Central,4027,CM: CC 10:45 Volunteers Welcome Team 2026-2027,207,Volunteers,10:45:00,NO MEETING,0,REPORTED,0,REPORTED,0,REPORTED,0,0,3,YES
Volunteer,RockPointe Church - Central,4016,CM: CC 9:00 Volunteers Elementary 2026-2027,207,Volunteers,09:00:00,REPORTED,45,REPORTED,0,REPORTED,0,REPORTED,0,45,4,
Volunteer,RockPointe Church - Central,4026,CM: CC 9:00 Volunteers Welcome Team 2026-2027,207,Volunteers,09:00:00,NO MEETING,0,REPORTED,0,REPORTED,0,REPORTED,0,0,3,YES
Volunteer,RockPointe Church - Central,1885,CM: CC 9:00 a Volunteers Special Needs,207,Volunteers,09:00:00,REPORTED,30,REPORTED,23,REPORTED,29,REPORTED,5,87,4,
Volunteer,RockPointe Church - Parker Square,4025,CM: PS 11:15 Volunteers Elementary 2026-2027,207,Volunteers,11:15:00,REPORTED,9,REPORTED,0,REPORTED,0,REPORTED,0,9,4,
Volunteer,RockPointe Church - Parker Square,4024,CM: PS 11:15 Volunteers Nursery/Kinder 2026-2027,207,Volunteers,11:15:00,REPORTED,11,REPORTED,0,REPORTED,0,REPORTED,0,11,4,
Volunteer,RockPointe Church - Parker Square,2430,CM: PS 11:15 Volunteers Special Needs,207,Volunteers,11:15:00,REPORTED,13,REPORTED,14,REPORTED,18,REPORTED,12,57,4,
Volunteer,RockPointe Church - Parker Square,4021,CM: PS 8:30 Volunteers Elementary 2026-2027,207,Volunteers,08:30:00,NO MEETING,0,NO MEETING,0,NO MEETING,0,NO MEETING,0,0,0,YES
Volunteer,RockPointe Church - Parker Square,4020,CM: PS 8:30 Volunteers Nursery/Kinder 2026-2027,207,Volunteers,08:30:00,REPORTED,1,REPORTED,0,REPORTED,0,REPORTED,0,1,4,
Volunteer,RockPointe Church - Parker Square,4023,CM: PS 9:45 Volunteers Elementary 2026-2027,207,Volunteers,09:45:00,REPORTED,14,REPORTED,0,REPORTED,0,REPORTED,0,14,4,
Volunteer,RockPointe Church - Parker Square,4022,CM: PS 9:45 Volunteers Nursery/Kinder 2026-2027,207,Volunteers,09:45:00,REPORTED,20,REPORTED,0,REPORTED,0,REPORTED,0,20,4,
Volunteer,RockPointe Church - Parker Square,1060,CM: PS 9:45 Volunteers Special Needs,207,Volunteers,09:45:00,REPORTED,7,REPORTED,6,REPORTED,4,REPORTED,8,25,4,
Volunteer,RockPointe Church - Parker Square,4028,CM: PS Volunteers Welcome Team 2026-2027,207,Volunteers,08:30:00; 09:45:00; 11:15:00,REPORTED,5,REPORTED,0,REPORTED,0,REPORTED,0,5,9,
